,company,join_date,quit_date,duration_employment
0,A,2017-01-01,,
1,A,2017-01-01,,
2,A,2017-01-01,,
3,A,2017-01-01,,
4,A,2017-01-01,,
5,A,2017-01-01,,
6,A,2017-01-01,,
7,A,2017-01-01,,
8,A,2017-01-01,,
9,A,2017-01-01,2017-03-08,66.0
10,A,2017-01-01,,
11,A,2017-01-01,,
12,A,2017-01-01,,
13,A,2017-01-01,,
14,A,2017-01-01,,
15,A,2017-01-01,2017-01-05,4.0
16,A,2017-01-01,,
17,A,2017-01-01,,
18,A,2017-01-01,,
19,A,2017-01-01,,
20,A,2017-01-01,,
21,A,2017-01-01,,
22,A,2017-01-01,,
23,A,2017-01-01,,
24,A,2017-01-01,,
25,A,2017-01-01,,
26,A,2017-01-01,,
27,A,2017-01-01,,
28,A,2017-01-01,,
29,A,2017-01-01,2017-02-15,45.0
30,A,2017-01-01,,
31,A,2017-01-01,,
32,A,2017-01-01,,
33,A,2017-01-01,,
34,A,2017-01-01,,
35,A,2017-01-01,,
36,A,2017-01-01,,
37,A,2017-01-01,,
38,A,2017-01-01,2017-02-21,51.0
39,A,2017-01-01,,
40,A,2017-01-01,,
41,A,2017-01-01,,
42,A,2017-01-01,,
43,A,2017-01-01,,
44,A,2017-01-01,,
45,A,2017-01-01,,
46,A,2017-01-01,,
47,A,2017-01-01,,
48,A,2017-01-01,,
49,A,2017-01-01,,
50,A,2017-01-01,,
51,A,2017-01-01,,
52,A,2017-01-01,,
53,A,2017-01-01,,
54,A,2017-01-01,,
55,A,2017-01-01,,
56,A,2017-01-01,,
57,A,2017-01-01,,
58,A,2017-01-01,,
59,A,2017-01-01,,
60,A,2017-01-01,,
61,A,2017-01-01,,
62,A,2017-01-01,,
63,A,2017-01-01,,
64,A,2017-01-01,,
65,A,2017-01-01,,
66,A,2017-01-01,,
67,A,2017-01-01,,
68,A,2017-01-01,,
69,A,2017-01-01,,
70,A,2017-01-01,,
71,A,2017-01-01,,
72,A,2017-01-01,,
73,A,2017-01-01,,
74,A,2017-01-01,,
75,A,2017-01-01,,
76,A,2017-01-01,,
77,A,2017-01-01,,
78,A,2017-01-01,,
79,A,2017-01-01,,
80,A,2017-01-01,,
81,A,2017-01-01,,
82,A,2017-01-01,,
83,A,2017-01-01,,
84,A,2017-01-01,,
85,A,2017-01-01,,
86,A,2017-01-01,,
87,A,2017-01-01,,
88,A,2017-01-01,,
89,A,2017-01-01,,
90,A,2017-01-01,2017-01-23,22.0
91,A,2017-01-01,,
92,A,2017-01-01,,
93,A,2017-01-01,,
94,A,2017-01-01,,
95,A,2017-01-01,,
96,A,2017-01-01,,
97,A,2017-01-01,,
98,A,2017-01-01,,
99,A,2017-01-01,,
100,A,2017-01-01,,
101,A,2017-01-01,,
102,A,2017-01-01,,
103,A,2017-01-01,,
104,A,2017-01-01,,
105,A,2017-01-01,,
106,A,2017-01-01,,
107,A,2017-01-01,,
108,A,2017-01-01,,
109,A,2017-01-01,,
110,A,2017-01-01,,
111,A,2017-01-01,,
112,A,2017-01-01,,
113,A,2017-01-01,,
114,A,2017-01-01,,
115,A,2017-01-01,,
116,A,2017-01-01,,
117,A,2017-01-01,,
118,A,2017-01-01,,
119,A,2017-01-01,,
120,A,2017-01-01,,
121,A,2017-01-01,,
122,A,2017-01-01,,
123,A,2017-01-01,,
124,A,2017-01-01,,
125,A,2017-01-01,,
126,A,2017-01-01,,
127,A,2017-01-01,,
128,A,2017-01-01,,
129,A,2017-01-01,,
130,A,2017-01-01,,
131,A,2017-01-01,,
132,A,2017-01-01,,
133,A,2017-01-01,,
134,A,2017-01-01,,
135,A,2017-01-01,,
136,A,2017-01-01,,
137,A,2017-01-01,,
138,A,2017-01-01,,
139,A,2017-01-01,,
140,A,2017-01-01,,
141,A,2017-01-01,,
142,A,2017-01-01,,
143,A,2017-01-01,,
144,A,2017-01-01,,
145,A,2017-01-01,,
146,A,2017-01-01,,
147,A,2017-01-01,,
148,A,2017-01-01,,
149,A,2017-01-01,2017-02-07,37.0
150,A,2017-01-01,,
151,A,2017-01-01,,
152,A,2017-01-01,,
153,A,2017-01-01,,
154,A,2017-01-01,,
155,A,2017-01-01,,
156,A,2017-01-01,,
157,A,2017-01-01,,
158,A,2017-01-01,,
159,A,2017-01-01,,
160,A,2017-01-01,,
161,A,2017-01-01,,
162,A,2017-01-01,,
163,A,2017-01-01,,
164,A,2017-01-01,,
165,A,2017-01-01,,
166,A,2017-01-01,,
167,A,2017-01-01,,
168,A,2017-01-01,,
169,A,2017-01-01,,
170,A,2017-01-01,,
171,A,2017-01-01,,
172,A,2017-01-01,,
173,A,2017-01-01,,
174,A,2017-01-01,,
175,A,2017-01-01,,
176,A,2017-01-01,,
177,A,2017-01-01,,
178,A,2017-01-01,,
179,A,2017-01-01,,
180,A,2017-01-01,,
181,A,2017-01-01,,
182,A,2017-01-01,,
183,A,2017-01-01,,
184,A,2017-01-01,,
185,A,2017-01-01,,
186,A,2017-01-01,,
187,A,2017-01-01,,
188,A,2017-01-01,,
189,A,2017-01-01,2017-03-03,61.0
190,A,2017-01-01,,
191,A,2017-01-01,,
192,A,2017-01-01,,
193,A,2017-01-01,,
194,A,2017-01-01,,
195,A,2017-01-01,,
196,A,2017-01-01,,
197,A,2017-01-01,,
198,A,2017-01-01,,
199,A,2017-01-01,,
200,A,2017-01-01,,
201,A,2017-01-01,,
202,A,2017-01-01,2017-02-06,36.0
203,A,2017-01-01,,
204,A,2017-01-01,,
205,A,2017-01-01,,
206,A,2017-01-01,,
207,A,2017-01-01,,
208,A,2017-01-01,,
209,A,2017-01-01,,
210,A,2017-01-01,,
211,A,2017-01-01,,
212,A,2017-01-01,,
213,A,2017-01-01,,
214,A,2017-01-01,,
215,A,2017-01-01,,
216,A,2017-01-01,,
217,A,2017-01-01,,
218,A,2017-01-01,,
219,A,2017-01-01,,
220,A,2017-01-01,,
221,A,2017-01-01,,
222,A,2017-01-01,,
223,A,2017-01-01,,
224,A,2017-01-01,,
225,A,2017-01-01,,
226,A,2017-01-01,,
227,A,2017-01-01,,
228,A,2017-01-01,,
229,A,2017-01-01,,
230,A,2017-01-01,,
231,A,2017-01-01,,
232,A,2017-01-01,,
233,A,2017-01-01,,
234,A,2017-01-01,2017-02-20,50.0
235,A,2017-01-01,,
236,A,2017-01-01,,
237,A,2017-01-01,,
238,A,2017-01-01,,
239,A,2017-01-01,,
240,A,2017-01-01,,
241,A,2017-01-01,,
242,A,2017-01-01,,
243,A,2017-01-01,,
244,A,2017-01-01,,
245,A,2017-01-01,,
246,A,2017-01-01,,
247,A,2017-01-01,,
248,A,2017-01-01,,
249,A,2017-01-01,,
250,A,2017-01-01,,
251,A,2017-01-01,,
252,A,2017-01-01,,
253,A,2017-01-01,,
254,A,2017-01-01,,
255,A,2017-01-01,,
256,A,2017-01-01,,
257,A,2017-01-01,,
258,A,2017-01-01,,
259,A,2017-01-01,,
260,A,2017-01-01,,
261,A,2017-01-01,,
262,A,2017-01-01,,
263,A,2017-01-01,,
264,A,2017-01-01,,
265,A,2017-01-01,,
266,A,2017-01-01,,
267,A,2017-01-01,,
268,A,2017-01-01,,
269,A,2017-01-01,,
270,A,2017-01-01,,
271,A,2017-01-01,,
272,A,2017-01-01,,
273,A,2017-01-01,,
274,A,2017-01-01,,
275,A,2017-01-01,,
276,A,2017-01-01,,
277,A,2017-01-01,,
278,A,2017-01-01,,
279,A,2017-01-01,,
280,A,2017-01-01,,
281,A,2017-01-01,,
282,A,2017-01-01,,
283,A,2017-01-01,2017-01-22,21.0
284,A,2017-01-01,,
285,A,2017-01-01,,
286,A,2017-01-01,,
287,A,2017-01-01,,
288,A,2017-01-01,,
289,A,2017-01-01,,
290,A,2017-01-01,,
291,A,2017-01-01,,
292,A,2017-01-01,,
293,A,2017-01-01,,
294,A,2017-01-01,,
295,A,2017-01-01,2017-01-19,18.0
296,A,2017-01-01,,
297,A,2017-01-01,,
298,A,2017-01-01,,
299,A,2017-01-01,,
300,A,2017-01-01,,
301,A,2017-01-01,,
302,A,2017-01-01,,
303,A,2017-01-01,,
304,A,2017-01-01,,
305,A,2017-01-01,,
306,A,2017-01-01,,
307,A,2017-01-01,,
308,A,2017-01-01,,
309,A,2017-01-01,,
310,A,2017-01-01,,
311,A,2017-01-01,,
312,A,2017-01-01,,
313,A,2017-01-01,,
314,A,2017-01-01,,
315,A,2017-01-01,,
316,A,2017-01-01,,
317,A,2017-01-01,,
318,A,2017-01-01,,
319,A,2017-01-01,,
320,A,2017-01-01,,
321,A,2017-01-01,,
322,A,2017-01-01,,
323,A,2017-01-01,,
324,A,2017-01-01,,
325,A,2017-01-01,,
326,A,2017-01-01,,
327,A,2017-01-01,,
328,A,2017-01-01,,
329,A,2017-01-01,,
330,A,2017-01-01,,
331,A,2017-01-01,,
332,A,2017-01-01,,
333,A,2017-01-01,,
334,A,2017-01-01,,
335,A,2017-01-01,,
336,A,2017-01-01,,
337,A,2017-01-01,2017-02-02,32.0
338,A,2017-01-01,,
339,A,2017-01-01,,
340,A,2017-01-01,,
341,A,2017-01-01,,
342,A,2017-01-01,,
343,A,2017-01-01,,
344,A,2017-01-01,,
345,A,2017-01-01,2017-01-27,26.0
346,A,2017-01-01,2017-01-09,8.0
347,A,2017-01-01,,
348,A,2017-01-01,,
349,A,2017-01-01,,
350,A,2017-01-01,,
351,A,2017-01-01,,
352,A,2017-01-01,,
353,A,2017-01-01,,
354,A,2017-01-01,,
355,A,2017-01-01,,
356,A,2017-01-01,,
357,A,2017-01-01,,
358,A,2017-01-01,,
359,A,2017-01-01,,
360,A,2017-01-01,,
361,A,2017-01-01,,
362,A,2017-01-01,,
363,A,2017-01-01,,
364,A,2017-01-01,,
365,A,2017-01-01,,
366,A,2017-01-01,,
367,A,2017-01-01,,
368,A,2017-01-01,,
369,A,2017-01-01,,
370,A,2017-01-01,,
371,A,2017-01-01,2017-01-02,1.0
372,A,2017-01-01,,
373,A,2017-01-01,,
374,A,2017-01-01,,
375,A,2017-01-01,,
376,A,2017-01-01,,
377,A,2017-01-01,,
378,A,2017-01-01,,
379,A,2017-01-01,,
380,A,2017-01-01,,
381,A,2017-01-01,,
382,A,2017-01-01,,
383,A,2017-01-01,,
384,A,2017-01-01,,
385,A,2017-01-01,,
386,A,2017-01-01,,
387,A,2017-01-01,,
388,A,2017-01-01,,
389,A,2017-01-01,,
390,A,2017-01-01,,
391,A,2017-01-01,,
392,A,2017-01-01,,
393,A,2017-01-01,,
394,A,2017-01-01,,
395,A,2017-01-01,,
396,A,2017-01-01,,
397,A,2017-01-01,,
398,A,2017-01-01,,
399,A,2017-01-01,,
400,A,2017-01-01,,
401,A,2017-01-01,,
402,A,2017-01-01,,
403,A,2017-01-01,,
404,A,2017-01-01,,
405,A,2017-01-01,,
406,A,2017-01-01,,
407,A,2017-01-01,,
408,A,2017-01-01,,
409,A,2017-01-01,,
410,A,2017-01-01,,
411,A,2017-01-01,,
412,A,2017-01-01,2017-02-24,54.0
413,A,2017-01-01,,
414,A,2017-01-01,,
415,A,2017-01-01,,
416,A,2017-01-01,,
417,A,2017-01-01,,
418,A,2017-01-01,,
419,A,2017-01-01,,
420,A,2017-01-01,,
421,A,2017-01-01,,
422,A,2017-01-01,,
423,A,2017-01-01,,
424,A,2017-01-01,,
425,A,2017-01-01,,
426,A,2017-01-01,,
427,A,2017-01-01,,
428,A,2017-01-01,,
429,A,2017-01-01,,
430,A,2017-01-01,,
431,A,2017-01-01,,
432,A,2017-01-01,,
433,A,2017-01-01,,
434,A,2017-01-01,,
435,A,2017-01-01,,
436,A,2017-01-01,,
437,A,2017-01-01,,
438,A,2017-01-01,,
439,A,2017-01-01,,
440,A,2017-01-01,,
441,A,2017-01-01,2017-03-05,63.0
442,A,2017-01-01,,
443,A,2017-01-01,,
444,A,2017-01-01,,
445,A,2017-01-01,,
446,A,2017-01-01,,
447,A,2017-01-01,2017-01-12,11.0
448,A,2017-01-01,2017-01-05,4.0
449,A,2017-01-01,,
450,A,2017-01-01,,
451,A,2017-01-01,,
452,A,2017-01-01,,
453,A,2017-01-01,,
454,A,2017-01-01,,
455,A,2017-01-01,,
456,A,2017-01-01,,
457,A,2017-01-01,,
458,A,2017-01-01,,
459,A,2017-01-01,,
460,A,2017-01-01,,
461,A,2017-01-01,,
462,A,2017-01-01,,
463,A,2017-01-01,,
464,A,2017-01-01,,
465,A,2017-01-01,2017-02-27,57.0
466,A,2017-01-01,,
467,A,2017-01-01,,
468,A,2017-01-01,,
469,A,2017-01-01,,
470,A,2017-01-01,,
471,A,2017-01-01,,
472,A,2017-01-01,,
473,A,2017-01-01,,
474,A,2017-01-01,,
475,A,2017-01-01,,
476,A,2017-01-01,,
477,A,2017-01-01,,
478,A,2017-01-01,,
479,A,2017-01-01,,
480,A,2017-01-01,,
481,A,2017-01-01,,
482,A,2017-01-01,,
483,A,2017-01-01,,
484,A,2017-01-01,,
485,A,2017-01-01,,
486,A,2017-01-01,,
487,A,2017-01-01,,
488,A,2017-01-01,,
489,A,2017-01-01,2017-01-27,26.0
490,A,2017-01-01,,
491,A,2017-01-01,,
492,A,2017-01-01,,
493,A,2017-01-01,,
494,A,2017-01-01,2017-03-31,89.0
495,A,2017-01-01,,
496,A,2017-01-01,,
497,A,2017-01-01,,
498,A,2017-01-01,,
499,A,2017-01-01,,
500,A,2017-01-01,,
501,A,2017-01-01,,
502,A,2017-01-01,,
503,A,2017-01-01,,
504,A,2017-01-01,,
505,A,2017-01-01,,
506,A,2017-01-01,,
507,A,2017-01-01,,
508,A,2017-01-01,,
509,A,2017-01-01,,
510,A,2017-01-01,,
511,A,2017-01-01,,
512,A,2017-01-01,,
513,A,2017-01-01,,
514,A,2017-01-01,,
515,A,2017-01-01,,
516,A,2017-01-01,,
517,A,2017-01-01,,
518,A,2017-01-01,,
519,A,2017-01-01,,
520,A,2017-01-01,,
521,A,2017-01-01,,
522,A,2017-01-01,,
523,A,2017-01-01,,
524,A,2017-01-01,,
525,A,2017-01-01,,
526,A,2017-01-01,,
527,A,2017-01-01,,
528,A,2017-01-01,,
529,A,2017-01-01,,
530,A,2017-01-01,,
531,A,2017-01-01,,
532,A,2017-01-01,,
533,A,2017-01-01,,
534,A,2017-01-01,,
535,A,2017-01-01,,
536,A,2017-01-01,,
537,A,2017-01-01,,
538,A,2017-01-01,,
539,A,2017-01-01,,
540,A,2017-01-01,,
541,A,2017-01-01,2017-02-13,43.0
542,A,2017-01-01,,
543,A,2017-01-01,,
544,A,2017-01-01,,
545,A,2017-01-01,,
546,A,2017-01-01,,
547,A,2017-01-01,,
548,A,2017-01-01,,
549,A,2017-01-01,,
550,A,2017-01-01,,
551,A,2017-01-01,,
552,A,2017-01-01,,
553,A,2017-01-01,2017-01-15,14.0
554,A,2017-01-01,,
555,A,2017-01-01,,
556,A,2017-01-01,,
557,A,2017-01-01,,
558,A,2017-01-01,,
559,A,2017-01-01,,
560,A,2017-01-01,,
561,A,2017-01-01,,
562,A,2017-01-01,,
563,A,2017-01-01,,
564,A,2017-01-01,,
565,A,2017-01-01,,
566,A,2017-01-01,,
567,A,2017-01-01,,
568,A,2017-01-01,,
569,A,2017-01-01,,
570,A,2017-01-01,,
571,A,2017-01-01,,
572,A,2017-01-01,,
573,A,2017-01-01,,
574,A,2017-01-01,2017-03-03,61.0
575,A,2017-01-01,,
576,A,2017-01-01,,
577,A,2017-01-01,,
578,A,2017-01-01,,
579,A,2017-01-01,,
580,A,2017-01-01,,
581,A,2017-01-01,,
582,A,2017-01-01,2017-01-28,27.0
583,A,2017-01-01,,
584,A,2017-01-01,,
585,A,2017-01-01,,
586,A,2017-01-01,,
587,A,2017-01-01,2017-01-27,26.0
588,A,2017-01-01,,
589,A,2017-01-01,,
590,A,2017-01-01,,
591,A,2017-01-01,,
592,A,2017-01-01,,
593,A,2017-01-01,,
594,A,2017-01-01,,
595,A,2017-01-01,,
596,A,2017-01-01,,
597,A,2017-01-01,,
598,A,2017-01-01,,
599,A,2017-01-01,,
600,A,2017-01-01,,
601,A,2017-01-01,,
602,A,2017-01-01,,
603,A,2017-01-01,,
604,A,2017-01-01,,
605,A,2017-01-01,,
606,A,2017-01-01,,
607,A,2017-01-01,,
608,A,2017-01-01,,
609,A,2017-01-01,,
610,A,2017-01-01,,
611,A,2017-01-01,,
612,A,2017-01-01,,
613,A,2017-01-01,,
614,A,2017-01-01,2017-03-28,86.0
615,A,2017-01-01,,
616,A,2017-01-01,,
617,A,2017-01-01,,
618,A,2017-01-01,,
619,A,2017-01-01,,
620,A,2017-01-01,,
621,A,2017-01-01,,
622,A,2017-01-01,,
623,A,2017-01-01,,
624,A,2017-01-01,,
625,A,2017-01-01,,
626,A,2017-01-01,,
627,A,2017-01-01,,
628,A,2017-01-01,,
629,A,2017-01-01,,
630,A,2017-01-01,,
631,A,2017-01-01,,
632,A,2017-01-01,,
633,A,2017-01-01,,
634,A,2017-01-01,,
635,A,2017-01-01,,
636,A,2017-01-01,,
637,A,2017-01-01,,
638,A,2017-01-01,,
639,A,2017-01-01,,
640,A,2017-01-01,,
641,A,2017-01-01,,
642,A,2017-01-01,,
643,A,2017-01-01,,
644,A,2017-01-01,,
645,A,2017-01-01,,
646,A,2017-01-01,,
647,A,2017-01-01,,
648,A,2017-01-01,,
649,A,2017-01-01,,
650,A,2017-01-01,,
651,A,2017-01-01,,
652,A,2017-01-01,,
653,A,2017-01-01,,
654,A,2017-01-01,,
655,A,2017-01-01,,
656,A,2017-01-01,,
657,A,2017-01-01,,
658,A,2017-01-01,,
659,A,2017-01-01,,
660,A,2017-01-01,,
661,A,2017-01-01,,
662,A,2017-01-01,,
663,A,2017-01-01,,
664,A,2017-01-01,,
665,A,2017-01-01,,
666,A,2017-01-01,,
667,A,2017-01-01,,
668,A,2017-01-01,,
669,A,2017-01-01,,
670,A,2017-01-01,,
671,A,2017-01-01,,
672,A,2017-01-01,,
673,A,2017-01-01,,
674,A,2017-01-01,,
675,A,2017-01-01,,
676,A,2017-01-01,,
677,A,2017-01-01,,
678,A,2017-01-01,,
679,A,2017-01-01,,
680,A,2017-01-01,,
681,A,2017-01-01,,
682,A,2017-01-01,,
683,A,2017-01-01,,
684,A,2017-01-01,,
685,A,2017-01-01,,
686,A,2017-01-01,,
687,A,2017-01-01,,
688,A,2017-01-01,,
689,A,2017-01-01,,
690,A,2017-01-01,,
691,A,2017-01-01,,
692,A,2017-01-01,,
693,A,2017-01-01,,
694,A,2017-01-01,,
695,A,2017-01-01,,
696,A,2017-01-01,2017-02-24,54.0
697,A,2017-01-01,,
698,A,2017-01-01,,
699,A,2017-01-01,,
700,A,2017-01-01,,
701,A,2017-01-01,,
702,A,2017-01-01,,
703,A,2017-01-01,,
704,A,2017-01-01,,
705,A,2017-01-01,,
706,A,2017-01-01,2017-02-26,56.0
707,A,2017-01-01,,
708,A,2017-01-01,,
709,A,2017-01-01,,
710,A,2017-01-01,,
711,A,2017-01-01,,
712,A,2017-01-01,,
713,A,2017-01-01,,
714,A,2017-01-01,,
715,A,2017-01-01,,
716,A,2017-01-01,,
717,A,2017-01-01,,
718,A,2017-01-01,,
719,A,2017-01-01,,
720,A,2017-01-01,,
721,A,2017-01-01,,
722,A,2017-01-01,,
723,A,2017-01-01,,
724,A,2017-01-01,,
725,A,2017-01-01,,
726,A,2017-01-01,,
727,A,2017-01-01,,
728,A,2017-01-01,,
729,A,2017-01-01,,
730,A,2017-01-01,,
731,A,2017-01-01,,
732,A,2017-01-01,,
733,A,2017-01-01,,
734,A,2017-01-01,,
735,A,2017-01-01,,
736,A,2017-01-01,,
737,A,2017-01-01,,
738,A,2017-01-01,,
739,A,2017-01-01,,
740,A,2017-01-01,,
741,A,2017-01-01,,
742,A,2017-01-01,,
743,A,2017-01-01,,
744,A,2017-01-01,,
745,A,2017-01-01,,
746,A,2017-01-01,,
747,A,2017-01-01,,
748,A,2017-01-01,,
749,A,2017-01-01,,
750,A,2017-01-01,2017-02-11,41.0
751,A,2017-01-01,,
752,A,2017-01-01,,
753,A,2017-01-01,,
754,A,2017-01-01,,
755,A,2017-01-01,,
756,A,2017-01-01,,
757,A,2017-01-01,,
758,A,2017-01-01,,
759,A,2017-01-01,,
760,A,2017-01-01,,
761,A,2017-01-01,,
762,A,2017-01-01,,
763,A,2017-01-01,,
764,A,2017-01-01,,
765,A,2017-01-01,,
766,A,2017-01-01,,
767,A,2017-01-01,,
768,A,2017-01-01,,
769,A,2017-01-01,,
770,A,2017-01-01,,
771,A,2017-01-01,,
772,A,2017-01-01,2017-01-12,11.0
773,A,2017-01-01,,
774,A,2017-01-01,,
775,A,2017-01-01,,
776,A,2017-01-01,,
777,A,2017-01-01,,
778,A,2017-01-01,,
779,A,2017-01-01,,
780,A,2017-01-01,,
781,A,2017-01-01,,
782,A,2017-01-01,,
783,A,2017-01-01,,
784,A,2017-01-01,,
785,A,2017-01-01,,
786,A,2017-01-01,,
787,A,2017-01-01,,
788,A,2017-01-01,,
789,A,2017-01-01,,
790,A,2017-01-01,,
791,A,2017-01-01,,
792,A,2017-01-01,,
793,A,2017-01-01,,
794,A,2017-01-01,,
795,A,2017-01-01,,
796,A,2017-01-01,,
797,A,2017-01-01,,
798,A,2017-01-01,,
799,A,2017-01-01,,
800,A,2017-01-01,,
801,A,2017-01-01,,
802,A,2017-01-01,,
803,A,2017-01-01,,
804,A,2017-01-01,,
805,A,2017-01-01,,
806,A,2017-01-01,,
807,A,2017-01-01,,
808,A,2017-01-01,,
809,A,2017-01-01,,
810,A,2017-01-01,,
811,A,2017-01-01,,
812,A,2017-01-01,,
813,A,2017-01-01,,
814,A,2017-01-01,,
815,A,2017-01-01,,
816,A,2017-01-01,,
817,A,2017-01-01,,
818,A,2017-01-01,,
819,A,2017-01-01,,
820,A,2017-01-01,2017-02-17,47.0
821,A,2017-01-01,,
822,A,2017-01-01,,
823,A,2017-01-01,,
824,A,2017-01-01,,
825,A,2017-01-01,,
826,A,2017-01-01,,
827,A,2017-01-01,,
828,A,2017-01-01,,
829,A,2017-01-01,,
830,A,2017-01-01,,
831,A,2017-01-01,,
832,A,2017-01-01,,
833,A,2017-01-01,,
834,A,2017-01-01,,
835,A,2017-01-01,,
836,A,2017-01-01,,
837,A,2017-01-01,,
838,A,2017-01-01,,
839,A,2017-01-01,,
840,A,2017-01-01,,
841,A,2017-01-01,,
842,A,2017-01-01,,
843,A,2017-01-01,,
844,A,2017-01-01,,
845,A,2017-01-01,,
846,A,2017-01-01,,
847,A,2017-01-01,,
848,A,2017-01-01,,
849,A,2017-01-01,,
850,A,2017-01-01,,
851,A,2017-01-01,,
852,A,2017-01-01,,
853,A,2017-01-01,,
854,A,2017-01-01,,
855,A,2017-01-01,,
856,A,2017-01-01,,
857,A,2017-01-01,,
858,A,2017-01-01,,
859,A,2017-01-01,2017-01-23,22.0
860,A,2017-01-01,,
861,A,2017-01-01,,
862,A,2017-01-01,,
863,A,2017-01-01,2017-02-27,57.0
864,A,2017-01-01,,
865,A,2017-01-01,,
866,A,2017-01-01,,
867,A,2017-01-01,,
868,A,2017-01-01,,
869,A,2017-01-01,2017-01-09,8.0
870,A,2017-01-01,,
871,A,2017-01-01,,
872,A,2017-01-01,,
873,A,2017-01-01,,
874,A,2017-01-01,,
875,A,2017-01-01,,
876,A,2017-01-01,,
877,A,2017-01-01,,
878,A,2017-01-01,,
879,A,2017-01-01,,
880,A,2017-01-01,,
881,A,2017-01-01,,
882,A,2017-01-01,,
883,A,2017-01-01,,
884,A,2017-01-01,2017-02-08,38.0
885,A,2017-01-01,,
886,A,2017-01-01,,
887,A,2017-01-01,,
888,A,2017-01-01,,
889,A,2017-01-01,,
890,A,2017-01-01,,
891,A,2017-01-01,,
892,A,2017-01-01,,
893,A,2017-01-01,,
894,A,2017-01-01,,
895,A,2017-01-01,2017-01-17,16.0
896,A,2017-01-01,,
897,A,2017-01-01,,
898,A,2017-01-01,,
899,A,2017-01-01,,
900,A,2017-01-01,2017-02-15,45.0
901,A,2017-01-01,,
902,A,2017-01-01,,
903,A,2017-01-01,,
904,A,2017-01-01,,
905,A,2017-01-01,,
906,A,2017-01-01,,
907,A,2017-01-01,,
908,A,2017-01-01,,
909,A,2017-01-01,,
910,A,2017-01-01,,
911,A,2017-01-01,,
912,A,2017-01-01,,
913,A,2017-01-01,,
914,A,2017-01-01,,
915,A,2017-01-01,,
916,A,2017-01-01,,
917,A,2017-01-01,,
918,A,2017-01-01,,
919,A,2017-01-01,,
920,A,2017-01-01,,
921,A,2017-01-01,,
922,A,2017-01-01,,
923,A,2017-01-01,,
924,A,2017-01-01,,
925,A,2017-01-01,,
926,A,2017-01-01,2017-03-23,81.0
927,A,2017-01-01,,
928,A,2017-01-01,,
929,A,2017-01-01,,
930,A,2017-01-01,,
931,A,2017-01-01,,
932,A,2017-01-01,2017-03-16,74.0
933,A,2017-01-01,,
934,A,2017-01-01,,
935,A,2017-01-01,,
936,A,2017-01-01,,
937,A,2017-01-01,,
938,A,2017-01-01,,
939,A,2017-01-01,,
940,A,2017-01-01,,
941,A,2017-01-01,,
942,A,2017-01-01,,
943,A,2017-01-01,,
944,A,2017-01-01,,
945,A,2017-01-01,,
946,A,2017-01-01,,
947,A,2017-01-01,,
948,A,2017-01-01,,
949,A,2017-01-01,,
950,A,2017-01-01,,
951,A,2017-01-01,,
952,A,2017-01-01,,
953,A,2017-01-01,,
954,A,2017-01-01,,
955,A,2017-01-01,,
956,A,2017-01-01,,
957,A,2017-01-01,,
958,A,2017-01-01,,
959,A,2017-01-01,,
960,A,2017-01-01,,
961,A,2017-01-01,,
962,A,2017-01-01,,
963,A,2017-01-01,,
964,A,2017-01-01,,
965,A,2017-01-01,,
966,A,2017-01-01,,
967,A,2017-01-01,,
968,A,2017-01-01,,
969,A,2017-01-01,,
970,A,2017-01-01,,
971,A,2017-01-01,,
972,A,2017-01-01,,
973,A,2017-01-01,,
974,A,2017-01-01,,
975,A,2017-01-01,,
976,A,2017-01-01,,
977,A,2017-01-01,,
978,A,2017-01-01,,
979,A,2017-01-01,,
980,A,2017-01-01,,
981,A,2017-01-01,,
982,A,2017-01-01,,
983,A,2017-01-01,,
984,A,2017-01-01,,
985,A,2017-01-01,,
986,A,2017-01-01,2017-01-10,9.0
987,A,2017-01-01,,
988,A,2017-01-01,,
989,A,2017-01-01,,
990,A,2017-01-01,,
991,A,2017-01-01,,
992,A,2017-01-01,,
993,A,2017-01-01,,
994,A,2017-01-01,,
995,A,2017-01-01,,
996,A,2017-01-01,,
997,A,2017-01-01,,
998,A,2017-01-01,,
999,A,2017-01-01,,
1000,B,2017-01-01,,
1001,B,2017-01-01,,
1002,B,2017-01-01,,
1003,B,2017-01-01,,
1004,B,2017-01-01,,
1005,B,2017-01-01,,
1006,B,2017-01-01,,
1007,B,2017-01-01,,
1008,B,2017-01-01,,
1009,B,2017-01-01,,
1010,B,2017-01-01,,
1011,B,2017-01-01,,
1012,B,2017-01-01,,
1013,B,2017-01-01,,
1014,B,2017-01-01,,
1015,B,2017-01-01,,
1016,B,2017-01-01,,
1017,B,2017-01-01,,
1018,B,2017-01-01,,
1019,B,2017-01-01,,
1020,B,2017-01-01,,
1021,B,2017-01-01,,
1022,B,2017-01-01,,
1023,B,2017-01-01,,
1024,B,2017-01-01,,
1025,B,2017-01-01,2017-03-12,70.0
1026,B,2017-01-01,,
1027,B,2017-01-01,,
1028,B,2017-01-01,,
1029,B,2017-01-01,,
1030,B,2017-01-01,,
1031,B,2017-01-01,,
1032,B,2017-01-01,2017-01-22,21.0
1033,B,2017-01-01,,
1034,B,2017-01-01,,
1035,B,2017-01-01,,
1036,B,2017-01-01,,
1037,B,2017-01-01,,
1038,B,2017-01-01,,
1039,B,2017-01-01,,
1040,B,2017-01-01,,
1041,B,2017-01-01,,
1042,B,2017-01-01,,
1043,B,2017-01-01,2017-01-16,15.0
1044,B,2017-01-01,,
1045,B,2017-01-01,,
1046,B,2017-01-01,,
1047,B,2017-01-01,,
1048,B,2017-01-01,,
1049,B,2017-01-01,,
1050,B,2017-01-01,,
1051,B,2017-01-01,,
1052,B,2017-01-01,,
1053,B,2017-01-01,,
1054,B,2017-01-01,,
1055,B,2017-01-01,,
1056,B,2017-01-01,,
1057,B,2017-01-01,,
1058,B,2017-01-01,,
1059,B,2017-01-01,,
1060,B,2017-01-01,,
1061,B,2017-01-01,2017-04-01,90.0
1062,B,2017-01-01,,
1063,B,2017-01-01,,
1064,B,2017-01-01,,
1065,B,2017-01-01,,
1066,B,2017-01-01,,
1067,B,2017-01-01,,
1068,B,2017-01-01,,
1069,B,2017-01-01,,
1070,B,2017-01-01,,
1071,B,2017-01-01,,
1072,B,2017-01-01,,
1073,B,2017-01-01,,
1074,B,2017-01-01,2017-02-09,39.0
1075,B,2017-01-01,2017-01-07,6.0
1076,B,2017-01-01,,
1077,B,2017-01-01,,
1078,B,2017-01-01,,
1079,B,2017-01-01,,
1080,B,2017-01-01,,
1081,B,2017-01-01,,
1082,B,2017-01-01,,
1083,B,2017-01-01,,
1084,B,2017-01-01,,
1085,B,2017-01-01,,
1086,B,2017-01-01,,
1087,B,2017-01-01,,
1088,B,2017-01-01,,
1089,B,2017-01-01,,
1090,B,2017-01-01,,
1091,B,2017-01-01,,
1092,B,2017-01-01,,
1093,B,2017-01-01,,
1094,B,2017-01-01,,
1095,B,2017-01-01,,
1096,B,2017-01-01,,
1097,B,2017-01-01,,
1098,B,2017-01-01,,
1099,B,2017-01-01,,
1100,B,2017-01-01,,
1101,B,2017-01-01,,
1102,B,2017-01-01,,
1103,B,2017-01-01,,
1104,B,2017-01-01,,
1105,B,2017-01-01,,
1106,B,2017-01-01,,
1107,B,2017-01-01,,
1108,B,2017-01-01,,
1109,B,2017-01-01,,
1110,B,2017-01-01,,
1111,B,2017-01-01,,
1112,B,2017-01-01,,
1113,B,2017-01-01,,
1114,B,2017-01-01,,
1115,B,2017-01-01,,
1116,B,2017-01-01,,
1117,B,2017-01-01,,
1118,B,2017-01-01,,
1119,B,2017-01-01,,
1120,B,2017-01-01,,
1121,B,2017-01-01,,
1122,B,2017-01-01,,
1123,B,2017-01-01,,
1124,B,2017-01-01,,
1125,B,2017-01-01,,
1126,B,2017-01-01,,
1127,B,2017-01-01,,
1128,B,2017-01-01,,
1129,B,2017-01-01,,
1130,B,2017-01-01,,
1131,B,2017-01-01,2017-03-19,77.0
1132,B,2017-01-01,,
1133,B,2017-01-01,,
1134,B,2017-01-01,,
1135,B,2017-01-01,,
1136,B,2017-01-01,,
1137,B,2017-01-01,,
1138,B,2017-01-01,,
1139,B,2017-01-01,,
1140,B,2017-01-01,,
1141,B,2017-01-01,,
1142,B,2017-01-01,,
1143,B,2017-01-01,,
1144,B,2017-01-01,,
1145,B,2017-01-01,,
1146,B,2017-01-01,,
1147,B,2017-01-01,,
1148,B,2017-01-01,,
1149,B,2017-01-01,,
1150,B,2017-01-01,,
1151,B,2017-01-01,,
1152,B,2017-01-01,,
1153,B,2017-01-01,,
1154,B,2017-01-01,,
1155,B,2017-01-01,,
1156,B,2017-01-01,,
1157,B,2017-01-01,,
1158,B,2017-01-01,,
1159,B,2017-01-01,,
1160,B,2017-01-01,,
1161,B,2017-01-01,,
1162,B,2017-01-01,,
1163,B,2017-01-01,,
1164,B,2017-01-01,,
1165,B,2017-01-01,,
1166,B,2017-01-01,,
1167,B,2017-01-01,,
1168,B,2017-01-01,,
1169,B,2017-01-01,,
1170,B,2017-01-01,,
1171,B,2017-01-01,,
1172,B,2017-01-01,,
1173,B,2017-01-01,2017-04-01,90.0
1174,B,2017-01-01,,
1175,B,2017-01-01,,
1176,B,2017-01-01,,
1177,B,2017-01-01,,
1178,B,2017-01-01,,
1179,B,2017-01-01,2017-03-25,83.0
1180,B,2017-01-01,,
1181,B,2017-01-01,,
1182,B,2017-01-01,,
1183,B,2017-01-01,,
1184,B,2017-01-01,2017-02-09,39.0
1185,B,2017-01-01,,
1186,B,2017-01-01,,
1187,B,2017-01-01,2017-01-02,1.0
1188,B,2017-01-01,,
1189,B,2017-01-01,,
1190,B,2017-01-01,,
1191,B,2017-01-01,,
1192,B,2017-01-01,,
1193,B,2017-01-01,,
1194,B,2017-01-01,,
1195,B,2017-01-01,,
1196,B,2017-01-01,,
1197,B,2017-01-01,,
1198,B,2017-01-01,,
1199,B,2017-01-01,,
1200,B,2017-01-01,,
1201,B,2017-01-01,,
1202,B,2017-01-01,2017-03-18,76.0
1203,B,2017-01-01,,
1204,B,2017-01-01,,
1205,B,2017-01-01,,
1206,B,2017-01-01,,
1207,B,2017-01-01,,
1208,B,2017-01-01,,
1209,B,2017-01-01,,
1210,B,2017-01-01,,
1211,B,2017-01-01,,
1212,B,2017-01-01,,
1213,B,2017-01-01,,
1214,B,2017-01-01,,
1215,B,2017-01-01,,
1216,B,2017-01-01,,
1217,B,2017-01-01,,
1218,B,2017-01-01,,
1219,B,2017-01-01,,
1220,B,2017-01-01,,
1221,B,2017-01-01,2017-01-26,25.0
1222,B,2017-01-01,,
1223,B,2017-01-01,,
1224,B,2017-01-01,,
1225,B,2017-01-01,,
1226,B,2017-01-01,,
1227,B,2017-01-01,,
1228,B,2017-01-01,,
1229,B,2017-01-01,,
1230,B,2017-01-01,,
1231,B,2017-01-01,,
1232,B,2017-01-01,2017-03-27,85.0
1233,B,2017-01-01,,
1234,B,2017-01-01,,
1235,B,2017-01-01,,
1236,B,2017-01-01,,
1237,B,2017-01-01,,
1238,B,2017-01-01,,
1239,B,2017-01-01,,
1240,B,2017-01-01,,
1241,B,2017-01-01,,
1242,B,2017-01-01,,
1243,B,2017-01-01,,
1244,B,2017-01-01,2017-01-24,23.0
1245,B,2017-01-01,,
1246,B,2017-01-01,,
1247,B,2017-01-01,,
1248,B,2017-01-01,,
1249,B,2017-01-01,,
1250,B,2017-01-01,,
1251,B,2017-01-01,,
1252,B,2017-01-01,,
1253,B,2017-01-01,,
1254,B,2017-01-01,,
1255,B,2017-01-01,,
1256,B,2017-01-01,,
1257,B,2017-01-01,,
1258,B,2017-01-01,,
1259,B,2017-01-01,,
1260,B,2017-01-01,,
1261,B,2017-01-01,,
1262,B,2017-01-01,,
1263,B,2017-01-01,,
1264,B,2017-01-01,,
1265,B,2017-01-01,,
1266,B,2017-01-01,,
1267,B,2017-01-01,2017-03-05,63.0
1268,B,2017-01-01,,
1269,B,2017-01-01,,
1270,B,2017-01-01,,
1271,B,2017-01-01,,
1272,B,2017-01-01,,
1273,B,2017-01-01,,
1274,B,2017-01-01,,
1275,B,2017-01-01,,
1276,B,2017-01-01,,
1277,B,2017-01-01,,
1278,B,2017-01-01,2017-03-21,79.0
1279,B,2017-01-01,,
1280,B,2017-01-01,,
1281,B,2017-01-01,,
1282,B,2017-01-01,,
1283,B,2017-01-01,,
1284,B,2017-01-01,,
1285,B,2017-01-01,,
1286,B,2017-01-01,,
1287,B,2017-01-01,,
1288,B,2017-01-01,,
1289,B,2017-01-01,,
1290,B,2017-01-01,,
1291,B,2017-01-01,,
1292,B,2017-01-01,,
1293,B,2017-01-01,,
1294,B,2017-01-01,,
1295,B,2017-01-01,,
1296,B,2017-01-01,,
1297,B,2017-01-01,,
1298,B,2017-01-01,,
1299,B,2017-01-01,,
1300,B,2017-01-01,,
1301,B,2017-01-01,,
1302,B,2017-01-01,,
1303,B,2017-01-01,,
1304,B,2017-01-01,,
1305,B,2017-01-01,,
1306,B,2017-01-01,,
1307,B,2017-01-01,,
1308,B,2017-01-01,,
1309,B,2017-01-01,,
1310,B,2017-01-01,,
1311,B,2017-01-01,,
1312,B,2017-01-01,,
1313,B,2017-01-01,,
1314,B,2017-01-01,,
1315,B,2017-01-01,,
1316,B,2017-01-01,,
1317,B,2017-01-01,,
1318,B,2017-01-01,,
1319,B,2017-01-01,,
1320,B,2017-01-01,,
1321,B,2017-01-01,,
1322,B,2017-01-01,,
1323,B,2017-01-01,,
1324,B,2017-01-01,,
1325,B,2017-01-01,,
1326,B,2017-01-01,,
1327,B,2017-01-01,,
1328,B,2017-01-01,,
1329,B,2017-01-01,,
1330,B,2017-01-01,,
1331,B,2017-01-01,,
1332,B,2017-01-01,,
1333,B,2017-01-01,,
1334,B,2017-01-01,,
1335,B,2017-01-01,,
1336,B,2017-01-01,2017-02-02,32.0
1337,B,2017-01-01,,
1338,B,2017-01-01,,
1339,B,2017-01-01,,
1340,B,2017-01-01,,
1341,B,2017-01-01,,
1342,B,2017-01-01,,
1343,B,2017-01-01,,
1344,B,2017-01-01,,
1345,B,2017-01-01,,
1346,B,2017-01-01,,
1347,B,2017-01-01,,
1348,B,2017-01-01,,
1349,B,2017-01-01,,
1350,B,2017-01-01,,
1351,B,2017-01-01,,
1352,B,2017-01-01,,
1353,B,2017-01-01,,
1354,B,2017-01-01,,
1355,B,2017-01-01,,
1356,B,2017-01-01,,
1357,B,2017-01-01,,
1358,B,2017-01-01,,
1359,B,2017-01-01,,
1360,B,2017-01-01,,
1361,B,2017-01-01,,
1362,B,2017-01-01,,
1363,B,2017-01-01,,
1364,B,2017-01-01,,
1365,B,2017-01-01,,
1366,B,2017-01-01,,
1367,B,2017-01-01,,
1368,B,2017-01-01,,
1369,B,2017-01-01,,
1370,B,2017-01-01,,
1371,B,2017-01-01,,
1372,B,2017-01-01,,
1373,B,2017-01-01,2017-02-11,41.0
1374,B,2017-01-01,,
1375,B,2017-01-01,,
1376,B,2017-01-01,,
1377,B,2017-01-01,,
1378,B,2017-01-01,,
1379,B,2017-01-01,,
1380,B,2017-01-01,,
1381,B,2017-01-01,,
1382,B,2017-01-01,,
1383,B,2017-01-01,,
1384,B,2017-01-01,,
1385,B,2017-01-01,,
1386,B,2017-01-01,,
1387,B,2017-01-01,,
1388,B,2017-01-01,,
1389,B,2017-01-01,,
1390,B,2017-01-01,,
1391,B,2017-01-01,,
1392,B,2017-01-01,,
1393,B,2017-01-01,,
1394,B,2017-01-01,,
1395,B,2017-01-01,,
1396,B,2017-01-01,,
1397,B,2017-01-01,,
1398,B,2017-01-01,,
1399,B,2017-01-01,2017-01-15,14.0
1400,B,2017-01-01,2017-02-17,47.0
1401,B,2017-01-01,,
1402,B,2017-01-01,2017-01-20,19.0
1403,B,2017-01-01,,
1404,B,2017-01-01,,
1405,B,2017-01-01,,
1406,B,2017-01-01,2017-01-23,22.0
1407,B,2017-01-01,,
1408,B,2017-01-01,,
1409,B,2017-01-01,,
1410,B,2017-01-01,,
1411,B,2017-01-01,,
1412,B,2017-01-01,,
1413,B,2017-01-01,,
1414,B,2017-01-01,,
1415,B,2017-01-01,,
1416,B,2017-01-01,,
1417,B,2017-01-01,,
1418,B,2017-01-01,,
1419,B,2017-01-01,,
1420,B,2017-01-01,2017-01-15,14.0
1421,B,2017-01-01,2017-01-24,23.0
1422,B,2017-01-01,,
1423,B,2017-01-01,,
1424,B,2017-01-01,,
1425,B,2017-01-01,,
1426,B,2017-01-01,,
1427,B,2017-01-01,,
1428,B,2017-01-01,,
1429,B,2017-01-01,,
1430,B,2017-01-01,,
1431,B,2017-01-01,2017-01-28,27.0
1432,B,2017-01-01,,
1433,B,2017-01-01,2017-01-28,27.0
1434,B,2017-01-01,,
1435,B,2017-01-01,,
1436,B,2017-01-01,,
1437,B,2017-01-01,,
1438,B,2017-01-01,,
1439,B,2017-01-01,,
1440,B,2017-01-01,,
1441,B,2017-01-01,,
1442,B,2017-01-01,,
1443,B,2017-01-01,,
1444,B,2017-01-01,,
1445,B,2017-01-01,,
1446,B,2017-01-01,,
1447,B,2017-01-01,,
1448,B,2017-01-01,,
1449,B,2017-01-01,,
1450,B,2017-01-01,2017-02-23,53.0
1451,B,2017-01-01,,
1452,B,2017-01-01,,
1453,B,2017-01-01,,
1454,B,2017-01-01,,
1455,B,2017-01-01,,
1456,B,2017-01-01,,
1457,B,2017-01-01,,
1458,B,2017-01-01,,
1459,B,2017-01-01,,
1460,B,2017-01-01,,
1461,B,2017-01-01,,
1462,B,2017-01-01,2017-02-15,45.0
1463,B,2017-01-01,,
1464,B,2017-01-01,,
1465,B,2017-01-01,,
1466,B,2017-01-01,,
1467,B,2017-01-01,,
1468,B,2017-01-01,,
1469,B,2017-01-01,,
1470,B,2017-01-01,,
1471,B,2017-01-01,,
1472,B,2017-01-01,,
1473,B,2017-01-01,,
1474,B,2017-01-01,,
1475,B,2017-01-01,,
1476,B,2017-01-01,,
1477,B,2017-01-01,,
1478,B,2017-01-01,,
1479,B,2017-01-01,,
1480,B,2017-01-01,,
1481,B,2017-01-01,,
1482,B,2017-01-01,,
1483,B,2017-01-01,2017-02-22,52.0
1484,B,2017-01-01,,
1485,B,2017-01-01,,
1486,B,2017-01-01,,
1487,B,2017-01-01,,
1488,B,2017-01-01,,
1489,B,2017-01-01,,
1490,B,2017-01-01,2017-02-20,50.0
1491,B,2017-01-01,,
1492,B,2017-01-01,,
1493,B,2017-01-01,,
1494,B,2017-01-01,,
1495,B,2017-01-01,,
1496,B,2017-01-01,,
1497,B,2017-01-01,,
1498,B,2017-01-01,,
1499,B,2017-01-01,,
1500,B,2017-01-01,,
1501,B,2017-01-01,,
1502,B,2017-01-01,,
1503,B,2017-01-01,,
1504,B,2017-01-01,,
1505,B,2017-01-01,,
1506,B,2017-01-01,,
1507,B,2017-01-01,,
1508,B,2017-01-01,,
1509,B,2017-01-01,,
1510,B,2017-01-01,,
1511,B,2017-01-01,,
1512,B,2017-01-01,2017-01-01,0.0
1513,B,2017-01-01,,
1514,B,2017-01-01,,
1515,B,2017-01-01,,
1516,B,2017-01-01,,
1517,B,2017-01-01,,
1518,B,2017-01-01,,
1519,B,2017-01-01,,
1520,B,2017-01-01,,
1521,B,2017-01-01,2017-01-19,18.0
1522,B,2017-01-01,,
1523,B,2017-01-01,2017-02-24,54.0
1524,B,2017-01-01,,
1525,B,2017-01-01,,
1526,B,2017-01-01,,
1527,B,2017-01-01,,
1528,B,2017-01-01,,
1529,B,2017-01-01,,
1530,B,2017-01-01,2017-01-28,27.0
1531,B,2017-01-01,,
1532,B,2017-01-01,,
1533,B,2017-01-01,2017-01-21,20.0
1534,B,2017-01-01,,
1535,B,2017-01-01,,
1536,B,2017-01-01,,
1537,B,2017-01-01,2017-02-05,35.0
1538,B,2017-01-01,,
1539,B,2017-01-01,,
1540,B,2017-01-01,,
1541,B,2017-01-01,,
1542,B,2017-01-01,,
1543,B,2017-01-01,,
1544,B,2017-01-01,,
1545,B,2017-01-01,,
1546,B,2017-01-01,,
1547,B,2017-01-01,,
1548,B,2017-01-01,,
1549,B,2017-01-01,,
1550,B,2017-01-01,,
1551,B,2017-01-01,,
1552,B,2017-01-01,,
1553,B,2017-01-01,,
1554,B,2017-01-01,,
1555,B,2017-01-01,,
1556,B,2017-01-01,,
1557,B,2017-01-01,,
1558,B,2017-01-01,,
1559,B,2017-01-01,,
1560,B,2017-01-01,,
1561,B,2017-01-01,,
1562,B,2017-01-01,,
1563,B,2017-01-01,,
1564,B,2017-01-01,,
1565,B,2017-01-01,,
1566,B,2017-01-01,,
1567,B,2017-01-01,,
1568,B,2017-01-01,,
1569,B,2017-01-01,,
1570,B,2017-01-01,,
1571,B,2017-01-01,,
1572,B,2017-01-01,,
1573,B,2017-01-01,,
1574,B,2017-01-01,,
1575,B,2017-01-01,,
1576,B,2017-01-01,,
1577,B,2017-01-01,,
1578,B,2017-01-01,,
1579,B,2017-01-01,2017-03-06,64.0
1580,B,2017-01-01,,
1581,B,2017-01-01,,
1582,B,2017-01-01,,
1583,B,2017-01-01,,
1584,B,2017-01-01,,
1585,B,2017-01-01,,
1586,B,2017-01-01,2017-03-23,81.0
1587,B,2017-01-01,,
1588,B,2017-01-01,,
1589,B,2017-01-01,,
1590,B,2017-01-01,,
1591,B,2017-01-01,,
1592,B,2017-01-01,,
1593,B,2017-01-01,,
1594,B,2017-01-01,,
1595,B,2017-01-01,,
1596,B,2017-01-01,,
1597,B,2017-01-01,,
1598,B,2017-01-01,,
1599,B,2017-01-01,,
1600,B,2017-01-01,,
1601,B,2017-01-01,,
1602,B,2017-01-01,,
1603,B,2017-01-01,,
1604,B,2017-01-01,,
1605,B,2017-01-01,,
1606,B,2017-01-01,,
1607,B,2017-01-01,,
1608,B,2017-01-01,,
1609,B,2017-01-01,,
1610,B,2017-01-01,,
1611,B,2017-01-01,,
1612,B,2017-01-01,,
1613,B,2017-01-01,,
1614,B,2017-01-01,,
1615,B,2017-01-01,,
1616,B,2017-01-01,,
1617,B,2017-01-01,,
1618,B,2017-01-01,,
1619,B,2017-01-01,,
1620,B,2017-01-01,,
1621,B,2017-01-01,2017-03-25,83.0
1622,B,2017-01-01,,
1623,B,2017-01-01,,
1624,B,2017-01-01,,
1625,B,2017-01-01,,
1626,B,2017-01-01,2017-03-30,88.0
1627,B,2017-01-01,,
1628,B,2017-01-01,,
1629,B,2017-01-01,,
1630,B,2017-01-01,,
1631,B,2017-01-01,,
1632,B,2017-01-01,,
1633,B,2017-01-01,,
1634,B,2017-01-01,,
1635,B,2017-01-01,,
1636,B,2017-01-01,,
1637,B,2017-01-01,,
1638,B,2017-01-01,,
1639,B,2017-01-01,,
1640,B,2017-01-01,,
1641,B,2017-01-01,,
1642,B,2017-01-01,,
1643,B,2017-01-01,2017-04-01,90.0
1644,B,2017-01-01,,
1645,B,2017-01-01,,
1646,B,2017-01-01,,
1647,B,2017-01-01,,
1648,B,2017-01-01,,
1649,B,2017-01-01,,
1650,B,2017-01-01,,
1651,B,2017-01-01,,
1652,B,2017-01-01,,
1653,B,2017-01-01,,
1654,B,2017-01-01,,
1655,B,2017-01-01,,
1656,B,2017-01-01,,
1657,B,2017-01-01,,
1658,B,2017-01-01,,
1659,B,2017-01-01,,
1660,B,2017-01-01,,
1661,B,2017-01-01,,
1662,B,2017-01-01,,
1663,B,2017-01-01,,
1664,B,2017-01-01,,
1665,B,2017-01-01,,
1666,B,2017-01-01,,
1667,B,2017-01-01,,
1668,B,2017-01-01,,
1669,B,2017-01-01,,
1670,B,2017-01-01,,
1671,B,2017-01-01,,
1672,B,2017-01-01,,
1673,B,2017-01-01,,
1674,B,2017-01-01,,
1675,B,2017-01-01,,
1676,B,2017-01-01,,
1677,B,2017-01-01,,
1678,B,2017-01-01,,
1679,B,2017-01-01,,
1680,B,2017-01-01,,
1681,B,2017-01-01,,
1682,B,2017-01-01,,
1683,B,2017-01-01,,
1684,B,2017-01-01,,
1685,B,2017-01-01,,
1686,B,2017-01-01,,
1687,B,2017-01-01,,
1688,B,2017-01-01,,
1689,B,2017-01-01,,
1690,B,2017-01-01,,
1691,B,2017-01-01,,
1692,B,2017-01-01,,
1693,B,2017-01-01,,
1694,B,2017-01-01,,
1695,B,2017-01-01,,
1696,B,2017-01-01,,
1697,B,2017-01-01,,
1698,B,2017-01-01,2017-02-18,48.0
1699,B,2017-01-01,,
1700,B,2017-01-01,,
1701,B,2017-01-01,,
1702,B,2017-01-01,,
1703,B,2017-01-01,,
1704,B,2017-01-01,,
1705,B,2017-01-01,2017-02-02,32.0
1706,B,2017-01-01,,
1707,B,2017-01-01,,
1708,B,2017-01-01,,
1709,B,2017-01-01,,
1710,B,2017-01-01,,
1711,B,2017-01-01,,
1712,B,2017-01-01,,
1713,B,2017-01-01,,
1714,B,2017-01-01,,
1715,B,2017-01-01,,
1716,B,2017-01-01,,
1717,B,2017-01-01,,
1718,B,2017-01-01,,
1719,B,2017-01-01,,
1720,B,2017-01-01,2017-03-18,76.0
1721,B,2017-01-01,,
1722,B,2017-01-01,,
1723,B,2017-01-01,,
1724,B,2017-01-01,2017-03-05,63.0
1725,B,2017-01-01,,
1726,B,2017-01-01,,
1727,B,2017-01-01,,
1728,B,2017-01-01,,
1729,B,2017-01-01,,
1730,B,2017-01-01,,
1731,B,2017-01-01,,
1732,B,2017-01-01,,
1733,B,2017-01-01,,
1734,B,2017-01-01,2017-02-27,57.0
1735,B,2017-01-01,2017-02-08,38.0
1736,B,2017-01-01,,
1737,B,2017-01-01,,
1738,B,2017-01-01,,
1739,B,2017-01-01,,
1740,B,2017-01-01,,
1741,B,2017-01-01,,
1742,B,2017-01-01,,
1743,B,2017-01-01,,
1744,B,2017-01-01,,
1745,B,2017-01-01,,
1746,B,2017-01-01,,
1747,B,2017-01-01,,
1748,B,2017-01-01,,
1749,B,2017-01-01,,
1750,B,2017-01-01,,
1751,B,2017-01-01,,
1752,B,2017-01-01,,
1753,B,2017-01-01,,
1754,B,2017-01-01,,
1755,B,2017-01-01,,
1756,B,2017-01-01,2017-03-06,64.0
1757,B,2017-01-01,,
1758,B,2017-01-01,,
1759,B,2017-01-01,,
1760,B,2017-01-01,,
1761,B,2017-01-01,,
1762,B,2017-01-01,,
1763,B,2017-01-01,,
1764,B,2017-01-01,,
1765,B,2017-01-01,,
1766,B,2017-01-01,,
1767,B,2017-01-01,2017-03-07,65.0
1768,B,2017-01-01,,
1769,B,2017-01-01,,
1770,B,2017-01-01,,
1771,B,2017-01-01,2017-02-26,56.0
1772,B,2017-01-01,2017-03-26,84.0
1773,B,2017-01-01,,
1774,B,2017-01-01,,
1775,B,2017-01-01,,
1776,B,2017-01-01,,
1777,B,2017-01-01,,
1778,B,2017-01-01,,
1779,B,2017-01-01,,
1780,B,2017-01-01,,
1781,B,2017-01-01,,
1782,B,2017-01-01,,
1783,B,2017-01-01,,
1784,B,2017-01-01,,
1785,B,2017-01-01,,
1786,B,2017-01-01,,
1787,B,2017-01-01,,
1788,B,2017-01-01,,
1789,B,2017-01-01,,
1790,B,2017-01-01,,
1791,B,2017-01-01,,
1792,B,2017-01-01,,
1793,B,2017-01-01,,
1794,B,2017-01-01,,
1795,B,2017-01-01,,
1796,B,2017-01-01,,
1797,B,2017-01-01,,
1798,B,2017-01-01,,
1799,B,2017-01-01,,
1800,B,2017-01-01,,
1801,B,2017-01-01,,
1802,B,2017-01-01,,
1803,B,2017-01-01,,
1804,B,2017-01-01,,
1805,B,2017-01-01,,
1806,B,2017-01-01,,
1807,B,2017-01-01,,
1808,B,2017-01-01,,
1809,B,2017-01-01,,
1810,B,2017-01-01,,
1811,B,2017-01-01,,
1812,B,2017-01-01,,
1813,B,2017-01-01,,
1814,B,2017-01-01,,
1815,B,2017-01-01,,
1816,B,2017-01-01,2017-03-13,71.0
1817,B,2017-01-01,,
1818,B,2017-01-01,,
1819,B,2017-01-01,,
1820,B,2017-01-01,,
1821,B,2017-01-01,,
1822,B,2017-01-01,,
1823,B,2017-01-01,,
1824,B,2017-01-01,,
1825,B,2017-01-01,,
1826,B,2017-01-01,,
1827,B,2017-01-01,,
1828,B,2017-01-01,2017-01-18,17.0
1829,B,2017-01-01,,
1830,B,2017-01-01,,
1831,B,2017-01-01,,
1832,B,2017-01-01,,
1833,B,2017-01-01,,
1834,B,2017-01-01,,
1835,B,2017-01-01,,
1836,B,2017-01-01,,
1837,B,2017-01-01,2017-02-22,52.0
1838,B,2017-01-01,,
1839,B,2017-01-01,,
1840,B,2017-01-01,2017-02-02,32.0
1841,B,2017-01-01,,
1842,B,2017-01-01,,
1843,B,2017-01-01,,
1844,B,2017-01-01,,
1845,B,2017-01-01,,
1846,B,2017-01-01,,
1847,B,2017-01-01,,
1848,B,2017-01-01,,
1849,B,2017-01-01,,
1850,B,2017-01-01,,
1851,B,2017-01-01,,
1852,B,2017-01-01,,
1853,B,2017-01-01,,
1854,B,2017-01-01,,
1855,B,2017-01-01,,
1856,B,2017-01-01,,
1857,B,2017-01-01,,
1858,B,2017-01-01,,
1859,B,2017-01-01,,
1860,B,2017-01-01,,
1861,B,2017-01-01,,
1862,B,2017-01-01,,
1863,B,2017-01-01,,
1864,B,2017-01-01,,
1865,B,2017-01-01,,
1866,B,2017-01-01,,
1867,B,2017-01-01,,
1868,B,2017-01-01,,
1869,B,2017-01-01,,
1870,B,2017-01-01,,
1871,B,2017-01-01,,
1872,B,2017-01-01,,
1873,B,2017-01-01,,
1874,B,2017-01-01,,
1875,B,2017-01-01,,
1876,B,2017-01-01,,
1877,B,2017-01-01,,
1878,B,2017-01-01,,
1879,B,2017-01-01,2017-01-18,17.0
1880,B,2017-01-01,,
1881,B,2017-01-01,,
1882,B,2017-01-01,,
1883,B,2017-01-01,,
1884,B,2017-01-01,,
1885,B,2017-01-01,,
1886,B,2017-01-01,,
1887,B,2017-01-01,,
1888,B,2017-01-01,,
1889,B,2017-01-01,,
1890,B,2017-01-01,,
1891,B,2017-01-01,,
1892,B,2017-01-01,,
1893,B,2017-01-01,,
1894,B,2017-01-01,,
1895,B,2017-01-01,,
1896,B,2017-01-01,,
1897,B,2017-01-01,,
1898,B,2017-01-01,,
1899,B,2017-01-01,,
1900,B,2017-01-01,,
1901,B,2017-01-01,,
1902,B,2017-01-01,,
1903,B,2017-01-01,,
1904,B,2017-01-01,,
1905,B,2017-01-01,,
1906,B,2017-01-01,,
1907,B,2017-01-01,,
1908,B,2017-01-01,,
1909,B,2017-01-01,,
1910,B,2017-01-01,,
1911,B,2017-01-01,,
1912,B,2017-01-01,2017-03-11,69.0
1913,B,2017-01-01,,
1914,B,2017-01-01,,
1915,B,2017-01-01,,
1916,B,2017-01-01,,
1917,B,2017-01-01,,
1918,B,2017-01-01,,
1919,B,2017-01-01,,
1920,B,2017-01-01,,
1921,B,2017-01-01,,
1922,B,2017-01-01,,
1923,B,2017-01-01,,
1924,B,2017-01-01,,
1925,B,2017-01-01,,
1926,B,2017-01-01,,
1927,B,2017-01-01,,
1928,B,2017-01-01,,
1929,B,2017-01-01,,
1930,B,2017-01-01,,
1931,B,2017-01-01,,
1932,B,2017-01-01,,
1933,B,2017-01-01,,
1934,B,2017-01-01,,
1935,B,2017-01-01,2017-02-14,44.0
1936,B,2017-01-01,,
1937,B,2017-01-01,,
1938,B,2017-01-01,,
1939,B,2017-01-01,,
1940,B,2017-01-01,,
1941,B,2017-01-01,,
1942,B,2017-01-01,,
1943,B,2017-01-01,,
1944,B,2017-01-01,,
1945,B,2017-01-01,,
1946,B,2017-01-01,,
1947,B,2017-01-01,,
1948,B,2017-01-01,,
1949,B,2017-01-01,,
1950,B,2017-01-01,,
1951,B,2017-01-01,2017-03-30,88.0
1952,B,2017-01-01,,
1953,B,2017-01-01,,
1954,B,2017-01-01,,
1955,B,2017-01-01,,
1956,B,2017-01-01,,
1957,B,2017-01-01,,
1958,B,2017-01-01,,
1959,B,2017-01-01,2017-03-01,59.0
1960,B,2017-01-01,,
1961,B,2017-01-01,,
1962,B,2017-01-01,,
1963,B,2017-01-01,,
1964,B,2017-01-01,,
1965,B,2017-01-01,,
1966,B,2017-01-01,,
1967,B,2017-01-01,,
1968,B,2017-01-01,,
1969,B,2017-01-01,,
1970,B,2017-01-01,,
1971,B,2017-01-01,,
1972,B,2017-01-01,,
1973,B,2017-01-01,,
1974,B,2017-01-01,,
1975,B,2017-01-01,,
1976,B,2017-01-01,,
1977,B,2017-01-01,,
1978,B,2017-01-01,,
1979,B,2017-01-01,,
1980,B,2017-01-01,,
1981,B,2017-01-01,,
1982,B,2017-01-01,,
1983,B,2017-01-01,,
1984,B,2017-01-01,,
1985,B,2017-01-01,,
1986,B,2017-01-01,,
1987,B,2017-01-01,,
1988,B,2017-01-01,,
1989,B,2017-01-01,,
1990,B,2017-01-01,,
1991,B,2017-01-01,,
1992,B,2017-01-01,,
1993,B,2017-01-01,,
1994,B,2017-01-01,,
1995,B,2017-01-01,,
1996,B,2017-01-01,2017-03-14,72.0
1997,B,2017-01-01,,
1998,B,2017-01-01,,
1999,B,2017-01-01,,
